name,link
$REGEN,
impactdaos.xyz,https://impactdaos.xyz
40acres DAO,https://www.40acresapp.com
AgroforestDAO,https://www.worldagroforestry.org/output/agroforestree-database
All for Climate DAO,https://dao.allforclimate.earth
Artizen,https://artizen.fund
AthenaDAO,https://www.athenadao.co
AthenaDAO,https://www.athenadao.co
Athena DAO,https://www.athenadao.co
Bankless DAO,https://bankless.community
.basin,https://www.basin.global
Big Green DAO,https://biggreen.org/dao
Bio.xyz,https://bio.xyz
Block Science,https://block.science
Bloom Network,https://bloomnetwork.org
Boost.xyz,https://boost.xyz
Breadchain,https://www.breadchain.xyz
CabinDAO,https://www.creatorcabin.com
Cannabis Genome DAO,https://www.cannabisgenome.org
Celo,https://celo.org
Cerebrum DAO,https://www.cerebrumdao.com
Circonomy,
CityDAO,https://www.citydao.io
Climate Coordination Network (CCN),
Clr.fund,https://clr.fund
Commons Stack,https://commonsstack.org
CoordinAPE,https://coordinape.com
Coral Tribe,https://coraltribe.io
Crowdmuse,https://crowdmuse.com
CryoDAO,https://www.cryodao.org
Crypto Culture & Society (CCS),https://cryptoculture.xyz
Cult DAO,https://cultdao.io
Curve Labs,https://www.curvelabs.eu
dClimate,https://dclimate.net
deScier,https://descier.org
dMeter,
DoinGud,https://doingud.com
dPANs (Decentralized Public Administration Networks),
DreamDAO,https://dreamdao.xyz
DRiP,https://dripdrop.art
Earthist DAO,
EAS (Ethereum Attestation Service),https://docs.attest.org
Ecodao,https://www.ecodao.org
Endangered Tokens Foundation,
Endaoment,https://endaoment.org
Ethereal Forest DAO,
ETH Evacuations,https://ethevacuations.org
Flow Carbon,https://www.flowcarbon.com
FrontierDAO,
FTW DAO,
Futarchy DAO,
GardensDAO,https://gardensdao.org
GitcoinDAO,https://github.com/gitcoinco
Giveth,https://giveth.io
Glo Dollar,https://glodollar.org
Goldfinch,https://goldfinch.finance
GoodDollar,https://gooddollar.org
The GreenPill Network,https://greenpill.network
HairDAO,https://www.hairdao.xyz
HER DAO,https://herdao.io
HumanDAO,https://humandao.org
Hypercerts,https://hypercerts.xyz
ImpactDAOs (General Concept),
Impact Market,https://impactmarket.com
Impact DAO Media,https://impactdaomedia.com
The DAOist,https://thedaoist.co
JournoDAO,https://journodao.xyz
KarmaGap,https://karmagap.io
Kernel,https://kernel.community
KiftDAO,https://www.kiftdao.com
Kleros,https://kleros.io
Klima DAO,https://www.klimadao.finance
Koko DAO,https://kokodao.xyz
Kokonut Network,https://kokonut.network
Kolektivo,https://www.kolektivo.io
LabDAO,https://labdao.xyz
LetsGrow DAO,https://letsgrowdao.org
LexDAO,https://www.lexdao.coop
Litter Token,
Lobby3,https://www.lobby3.io
MaEarth,
MangroveDAO,https://mangrovedao.org
MesoReefDAO,
Meta Gamma Delta (MGD),https://metagammadelta.xyz
Metagov,https://metagov.org
Molecule,https://molecule.to
Moss.earth,https://moss.earth
Nation3,https://nation3.org
Natives in Tech,https://nativesintech.org
Njombe Innovation Academy,
Nori,https://nori.com
Octant,https://octant.app
OpenCivics,https://opencivics.com
Open Source Observer (OSO),https://open-source-observer.gitbook.io
Optimism Collective,https://optimism.io
Orca Protocol,https://orcaprotocol.org
ORGO Earth,
Other Internet,https://otherinternet.xyz
Pact DAO,
Plurigrid Foundation,
POH,https://www.proofofhumanity.id
PopcornDAO,https://popcorn.network
Pozzle Planet,https://pozzleplanet.com
Priceless DAO,
PrimeDAO,https://www.primedao.io
Proof of Humanity (PoH),https://www.proofofhumanity.id
Proof of Impact,https://proofofimpact.com
Protocol Guild,https://protocolguild.org
Protocol Labs,https://protocol.ai
PsyDAO,https://psydao.io
Public Noun,https://www.publicnoun.xyz
Public Nouns DAO,https://publicnouns.xyz
Pune DAO,
RadicalxChange,https://radicalxchange.org
Radicle & Drips,https://www.radicle.xyz
ReFi DAO,https://refidao.com
ReGen Civics,
Regen Hubs,
Regen Network,https://www.regen.network
RegensUnite,https://www.regensunite.earth
Regró Project,
regrò, the DAO!,
Remitt DAO,
RnDAO,https://www.rndao.io
SaunaDAO,
Seker Factory DAO,
she256,https://she256.org
SheFi,https://shefi.org
Silvi,https://joinsilvi.com
Solar Foundation,
Solarpunk DAO,https://solarpunkdao.com
Sovereign Nature,https://sovereignnature.com
SpiritDAO,
Surge Women,https://surgewomen.io
Take Up Space,
TalentDAO,https://talentdao.io
The Tampa Bay DAO,
Terraformers World,
Thrive Protocol,
Token Engineering Commons (TEC),https://token-engineering-commons.gitbook.io/tec
Tornado Cash,https://tornado.cash
Traditional Dream Factory,https://tdf.world
Traditional Dream Factory (TDF),https://tdf.world
Treegens,https://treegens.com
Ukraine DAO,https://ukrainedao.io
United Species,
Urbánika,
ValleyDAO,https://valleydao.io
Values Index,
Verses,
VitaDAO,https://www.vitadao.com
W3ST,
WaterDAO,
WaterLAB,
Web3Beach,https://web3beach.com
Web3bridge,https://web3bridge.com
WellnessDAO,
Worldcoin,https://worldcoin.org
